local_time,S1_uT,S2_uT,S3_uT,S4_uT,S5_uT,S6_uT,I1_A,I2_A,I3_A,I4_A,I5_A,I6_A,MC1_A,MV1_V,MC2_A,MV2_V,MC3_A,MV3_V,MC4_A,MV4_V,MC5_A,MV5_V,MC6_A,MV6_V
2025-11-11T13:43:23.053+01:00,20.600000,-23.927000,14.838000,-69.254000,-56.510000,-29.853000,0.006000,0.006000,0.006000,-0.006000,-0.006000,-0.006000,0.0,0.0,0.0,0.0,0.0,0.019,0.0,0.0,0.0,0.0,0.0,0.0
2025-11-11T13:43:23.920+01:00,20.615600,-23.965000,14.826200,-69.217200,-56.573000,-29.837200,0.145305,0.461886,1.845172,-3.293038,-0.903514,-1.438853,0.0,0.0,0.0,0.0,0.0,0.019,0.0,0.0,0.0,0.0,0.0,0.0
2025-11-11T13:43:25.360+01:00,19.521680,-23.335200,14.206360,-67.195360,-55.933000,-29.825960,0.250605,0.905725,3.622744,-6.488937,-1.801801,-2.849879,0.0,0.0,0.905,0.705,3.626,3.192,6.487,6.069,0.0,0.0,2.848,2.347
2025-11-11T13:43:26.920+01:00,17.637344,-22.243360,13.123888,-63.636688,-53.973200,-29.356168,0.239235,1.387605,5.351649,-9.582232,-2.617000,-4.273476,0.0,0.0,0.905,0.705,3.626,3.192,6.487,6.069,0.0,0.0,2.848,2.347
2025-11-11T13:43:29.090+01:00,15.133675,-20.774088,11.705310,-58.855150,-51.813560,-29.493534,0.067911,1.924621,7.022006,-12.543535,-3.330329,-5.733657,0.0,0.0,1.925,1.504,7.026,6.187,12.545,11.741,0.0,0.0,5.734,4.726
2025-11-11T13:43:29.849+01:00,12.067540,-19.147070,10.045448,-53.268520,-48.661648,-28.508828,-0.306266,2.533993,8.631919,-15.358221,-3.897052,-7.222896,0.0,0.0,1.925,1.504,7.026,6.187,12.545,11.741,0.0,0.0,5.734,4.726
2025-11-11T13:43:31.345+01:00,8.871832,-17.325856,8.293559,-47.206016,-45.267318,-27.470462,-0.877038,3.206482,10.162756,-17.995988,-4.321164,-8.727718,0.875,0.678,3.208,2.506,10.168,8.957,17.999,16.863,0.0,0.0,8.729,7.196
2025-11-11T13:43:32.104+01:00,5.811266,-15.492085,6.512847,-40.964613,-41.263055,-26.241970,-1.642904,3.947999,11.618939,-20.456951,-4.578879,-10.250751,0.875,0.678,3.208,2.506,10.168,8.957,17.999,16.863,0.0,0.0,8.729,7.196
2025-11-11T13:43:33.609+01:00,2.974213,-13.613068,4.788878,-34.739090,-37.328644,-25.122776,-2.560780,4.728076,12.972915,-22.709686,-4.702975,-11.762829,2.56,1.982,4.729,3.697,12.978,11.442,22.713,21.313,0.0,0.0,11.765,9.703
2025-11-11T13:43:34.334+01:00,0.599570,-11.869654,3.174902,-28.682472,-32.708315,-23.695821,-3.602274,5.540255,14.228163,-24.755848,-4.677472,-13.254534,2.56,1.982,4.729,3.697,12.978,11.442,22.713,21.313,0.0,0.0,11.765,9.703
2025-11-11T13:43:35.720+01:00,-1.356544,-10.208324,1.739322,-22.938178,-28.353252,-22.833856,-4.738210,6.375137,15.388487,-26.597521,-4.517080,-14.729543,4.739,3.665,6.376,4.988,15.394,13.586,26.599,25.001,0.0,0.0,14.733,12.159
2025-11-11T13:43:36.464+01:00,-2.800635,-8.735059,0.416257,-17.586742,-23.424202,-21.094285,-5.891616,7.180018,16.411796,-28.198517,-4.256050,-16.120739,4.739,3.665,6.376,4.988,15.394,13.586,26.599,25.001,0.0,0.0,14.733,12.159
2025-11-11T13:43:37.950+01:00,-3.755108,-7.409447,-0.695994,-12.760794,-18.615961,-19.341628,-7.013311,7.928819,17.287545,-29.552042,-3.921353,-17.404085,7.013,5.422,7.93,6.205,17.294,15.277,29.552,27.841,0.0,0.0,17.408,14.382
2025-11-11T13:43:38.693+01:00,-4.274687,-6.260958,-1.631795,-8.459035,-13.727169,-17.529902,-8.082426,8.620340,18.029275,-30.678086,-3.510254,-18.580168,7.013,5.422,7.93,6.205,17.294,15.277,29.552,27.841,0.0,0.0,17.408,14.382
2025-11-11T13:43:40.243+01:00,-4.413349,-5.267366,-2.355436,-4.730228,-9.083935,-15.776122,-9.076341,9.249249,18.647440,-31.592544,-3.032747,-19.647053,9.077,7.022,9.25,7.24,18.654,16.5,31.592,29.856,0.0,0.0,19.652,16.259
2025-11-11T13:43:40.965+01:00,-4.183079,-4.450093,-2.904149,-1.537182,-4.581748,-13.985898,-9.965790,9.802447,19.143046,-32.304149,-2.504808,-20.593607,9.077,7.022,9.25,7.24,18.654,16.5,31.592,29.856,0.0,0.0,19.652,16.259
2025-11-11T13:43:42.492+01:00,-3.728463,-3.844874,-3.293319,1.086854,-0.477399,-12.220318,-10.732763,10.269679,19.519467,-32.825201,-1.944792,-21.413403,10.734,8.307,10.271,8.044,19.526,17.296,32.825,31.11,0.0,0.0,21.418,17.75
2025-11-11T13:43:43.217+01:00,-3.058971,-3.325299,-3.497055,3.283083,3.369281,-10.474454,-11.374922,10.658679,19.796746,-33.179932,-1.352969,-22.115228,10.734,8.307,10.271,8.044,19.526,17.296,32.825,31.11,0.0,0.0,21.418,17.75
2025-11-11T13:43:45.484+01:00,-2.275177,-2.956840,-3.607444,4.999467,6.833825,-8.803564,-11.889731,10.969967,19.983918,-33.387553,-0.737755,-22.703286,11.891,9.207,10.972,8.6,19.991,17.739,33.387,31.797,0.0,0.0,22.709,18.861
2025-11-11T13:43:46.242+01:00,-1.418541,-2.732872,-3.586755,6.263573,10.010860,-7.171451,-12.296050,11.223643,20.111305,-33.486375,-0.086797,-23.200420,11.891,9.207,10.972,8.6,19.991,17.739,33.387,31.797,0.0,0.0,22.709,18.861
2025-11-11T13:43:47.750+01:00,-0.567833,-2.573497,-3.515204,7.146259,12.836088,-5.634761,-12.615307,11.439633,20.202896,-33.509949,0.610344,-23.628894,12.618,9.776,11.442,8.975,20.21,17.96,33.51,32.004,0.609,0.477,23.634,19.666
2025-11-11T13:43:48.505+01:00,0.169134,-2.367198,-3.276763,7.700207,14.821870,-4.261009,-12.865415,11.631551,20.279856,-33.483077,1.339097,-24.002774,12.618,9.776,11.442,8.975,20.21,17.96,33.51,32.004,0.609,0.477,23.634,19.666
2025-11-11T13:43:49.995+01:00,0.763907,-2.182558,-2.902211,7.878166,16.108696,-2.990207,-13.081410,11.827028,20.377028,-33.446801,2.105407,-24.350584,13.084,10.142,11.83,9.285,20.384,18.139,33.446,32.045,2.104,1.647,24.356,20.3
2025-11-11T13:43:50.759+01:00,1.180725,-1.975647,-2.481969,7.751532,16.323157,-1.919565,-13.246009,11.999762,20.469514,-33.386389,2.848657,-24.647764,13.084,10.142,11.83,9.285,20.384,18.139,33.446,32.045,2.104,1.647,24.356,20.3
2025-11-11T13:43:52.236+01:00,1.462980,-1.749917,-2.019775,7.453426,16.322726,-1.002852,-13.412728,12.196768,20.605848,-33.354034,3.608645,-24.943448,13.416,10.405,12.2,9.581,20.613,18.367,33.353,32.053,3.607,2.824,24.948,20.833
2025-11-11T13:43:52.975+01:00,1.574584,-1.565334,-1.533220,6.940541,15.543981,-0.220882,-13.571778,12.398414,20.768036,-33.339396,4.342322,-25.220383,13.416,10.405,12.2,9.581,20.613,18.367,33.353,32.053,3.607,2.824,24.948,20.833
2025-11-11T13:43:54.445+01:00,1.595667,-1.369067,-1.044176,6.368833,14.506384,0.476894,-13.730896,12.607910,20.958922,-33.347884,5.044515,-25.482749,13.733,10.656,12.611,9.91,20.966,18.707,33.348,32.144,5.044,3.947,25.487,21.326
2025-11-11T13:43:55.188+01:00,1.553534,-1.187054,-0.637141,5.697466,13.119708,1.056116,-13.869654,12.800789,21.149843,-33.359272,5.680553,-25.708475,13.733,10.656,12.611,9.91,20.966,18.707,33.348,32.144,5.044,3.947,25.487,21.326
2025-11-11T13:43:56.673+01:00,1.417427,-1.024443,-0.252513,4.958373,11.686166,1.561492,-14.015161,12.998756,21.361489,-33.397915,6.270839,-25.921089,14.018,10.884,13.003,10.226,21.369,19.089,33.397,32.288,6.271,4.908,25.925,21.735
2025-11-11T13:43:57.419+01:00,1.232342,-0.854954,0.084190,4.213498,10.049733,1.931594,-14.159115,13.190779,21.580180,-33.453222,6.798479,-26.112089,14.018,10.884,13.003,10.226,21.369,19.089,33.397,32.288,6.271,4.908,25.925,21.735
2025-11-11T13:43:58.949+01:00,1.029273,-0.712763,0.299752,3.495399,8.488586,2.201475,-14.293050,13.366340,21.789661,-33.514576,7.255883,-26.273997,14.296,11.107,13.37,10.52,21.796,19.498,33.514,32.496,7.256,5.68,26.278,22.075
2025-11-11T13:43:59.711+01:00,0.799819,-0.572811,0.512802,2.821319,6.857869,2.430580,-14.413050,13.520023,21.984346,-33.575240,7.636081,-26.402331,14.296,11.107,13.37,10.52,21.796,19.498,33.514,32.496,7.256,5.68,26.278,22.075
2025-11-11T13:44:01.240+01:00,0.582055,-0.454249,0.604441,2.190055,5.410095,2.512864,-14.517216,13.649506,22.156047,-33.631958,7.942961,-26.498837,14.52,11.288,13.652,10.75,22.163,19.855,33.631,32.706,7.944,6.219,26.503,22.309
2025-11-11T13:44:02.005+01:00,0.365844,-0.343799,0.673953,1.654844,4.030076,2.565491,-14.599044,13.748053,22.297093,-33.674935,8.172668,-26.557912,14.52,11.288,13.652,10.75,22.163,19.855,33.631,32.706,7.944,6.219,26.503,22.309
2025-11-11T13:44:03.536+01:00,0.179875,-0.250039,0.680962,1.197875,2.884061,2.573393,-14.658029,13.816112,22.405153,-33.702206,8.333307,-26.581849,14.661,11.406,13.819,10.89,22.412,20.107,33.702,32.869,8.334,6.526,26.585,22.423
2025-11-11T13:44:04.299+01:00,0.016500,-0.163231,0.673370,0.795500,1.815049,2.548314,-14.690215,13.850656,22.476707,-33.708989,8.424801,-26.568724,14.661,11.406,13.819,10.89,22.412,20.107,33.702,32.869,8.334,6.526,26.585,22.423
2025-11-11T13:44:05.828+01:00,-0.106200,-0.093785,0.634496,0.463200,0.913839,2.462652,-14.693195,13.850791,22.509802,-33.692388,8.451914,-26.519715,14.696,11.441,13.854,10.924,22.517,20.231,33.692,32.953,8.453,6.621,26.524,22.413
2025-11-11T13:44:06.592+01:00,-0.210960,-0.037028,0.573197,0.142160,0.137871,2.341521,-14.674247,13.824219,22.511327,-33.659705,8.426722,-26.443781,14.696,11.441,13.854,10.924,22.517,20.231,33.692,32.953,8.453,6.621,26.524,22.413
2025-11-11T13:44:08.085+01:00,-0.280368,0.010978,0.497957,-0.091072,-0.469903,2.232817,-14.627558,13.766860,22.476793,-33.604050,8.350542,-26.337175,14.63,11.395,13.77,10.866,22.484,20.23,33.604,32.956,8.351,6.543,26.341,22.299
2025-11-11T13:44:08.846+01:00,-0.320094,0.042982,0.403566,-0.328858,-0.961322,2.089454,-14.557905,13.684689,22.411641,-33.531681,8.233453,-26.207131,14.63,11.395,13.77,10.866,22.484,20.23,33.604,32.956,8.351,6.543,26.341,22.299
2025-11-11T13:44:10.335+01:00,-0.336075,0.076386,0.318853,-0.486286,-1.342658,1.948563,-14.463550,13.577249,22.316007,-33.439322,8.078510,-26.053395,14.466,11.273,13.581,10.721,22.323,20.112,33.439,32.87,8.079,6.331,26.057,22.094
2025-11-11T13:44:11.110+01:00,-0.331860,0.095309,0.223682,-0.656829,-1.647726,1.779250,-14.349139,13.449901,22.195093,-33.332866,7.893782,-25.882335,14.466,11.273,13.581,10.721,22.323,20.112,33.439,32.87,8.079,6.331,26.057,22.094
2025-11-11T13:44:12.629+01:00,-0.316688,0.111647,0.143546,-0.759063,-1.847181,1.605800,-14.218832,13.307350,22.054545,-33.214727,7.687420,-25.699054,14.222,11.088,13.311,10.511,22.061,19.9,33.214,32.733,7.689,6.026,25.704,21.828
2025-11-11T13:44:13.385+01:00,-0.280951,0.120717,0.068837,-0.802850,-1.906945,1.425040,-14.077789,13.155698,21.901004,-33.088990,7.470160,-25.510242,14.222,11.088,13.311,10.511,22.061,19.9,33.214,32.733,7.689,6.026,25.704,21.828
2025-11-11T13:44:15.000+01:00,-0.244361,0.127974,0.013069,-0.822080,-1.933756,1.263432,-13.928617,12.997611,21.738206,-32.957526,7.245755,-25.318294,13.931,10.867,13.001,10.269,21.745,19.638,32.957,32.569,7.246,5.681,25.322,21.535
2025-11-11T13:44:15.765+01:00,-0.196888,0.127379,-0.047345,-0.804664,-1.847605,1.105346,-13.775349,12.837513,21.570498,-32.823519,7.022363,-25.127951,13.931,10.867,13.001,10.269,21.745,19.638,32.957,32.569,7.246,5.681,25.322,21.535
2025-11-11T13:44:17.294+01:00,-0.153511,0.129503,-0.077276,-0.751331,-1.737884,0.959077,-13.622800,12.680179,21.404220,-32.690459,6.805493,-24.943731,13.626,10.633,12.684,10.021,21.411,19.358,32.69,32.38,6.805,5.335,24.949,21.246
2025-11-11T13:44:18.055+01:00,-0.107009,0.124603,-0.107821,-0.707465,-1.559707,0.814461,-13.478422,12.533090,21.246917,-32.566105,6.604819,-24.773299,13.626,10.633,12.684,10.021,21.411,19.358,32.69,32.38,6.805,5.335,24.949,21.246
2025-11-11T13:44:19.550+01:00,-0.067207,0.122082,-0.121656,-0.634172,-1.386966,0.682969,-13.342315,12.396113,21.099310,-32.449334,6.420056,-24.616215,13.346,10.419,12.399,9.798,21.107,19.102,32.449,32.213,6.42,5.034,24.621,20.994
2025-11-11T13:44:20.311+01:00,-0.023565,0.112066,-0.131525,-0.568938,-1.193572,0.562175,-13.216196,12.271034,20.963550,-32.342301,6.253710,-24.474213,13.346,10.419,12.399,9.798,21.107,19.102,32.449,32.213,6.42,5.034,24.621,20.994
2025-11-11T13:44:21.800+01:00,0.004748,0.106653,-0.127620,-0.497150,-1.023058,0.461540,-13.102348,12.159512,20.841924,-32.246356,6.106636,-24.348376,13.105,10.235,12.162,9.612,20.849,18.886,32.246,32.071,6.107,4.788,24.354,20.791
2025-11-11T13:44:22.552+01:00,0.031398,0.097122,-0.125696,-0.414720,-0.829046,0.361432,-13.001695,12.062318,20.735186,-32.161989,5.980406,-24.239606,13.105,10.235,12.162,9.612,20.849,18.886,32.246,32.071,6.107,4.788,24.354,20.791
2025-11-11T13:44:24.044+01:00,0.042118,0.086898,-0.113757,-0.344976,-0.668437,0.277346,-12.916793,11.981208,20.645563,-32.091387,5.875724,-24.149250,12.919,10.094,11.984,9.472,20.653,18.727,32.091,31.985,5.876,4.607,24.154,20.642
2025-11-11T13:44:24.789+01:00,0.056095,0.077318,-0.102805,-0.271981,-0.490150,0.199477,-12.847639,11.916400,20.573213,-32.034628,5.793306,-24.077407,12.919,10.094,11.984,9.472,20.653,18.727,32.091,31.985,5.876,4.607,24.154,20.642
2025-11-11T13:44:26.302+01:00,0.061876,0.069654,-0.088844,-0.205785,-0.355320,0.163581,-12.789645,11.862939,20.513217,-31.986988,5.726768,-24.018119,12.792,9.997,11.865,9.379,20.521,18.624,31.986,31.948,5.726,4.491,24.024,20.554
2025-11-11T13:44:27.885+01:00,0.065301,0.060924,-0.063276,-0.147628,-0.231856,0.096665,-12.747533,11.825453,20.470871,-31.953410,5.680393,-23.976646,12.792,9.997,11.865,9.379,20.521,18.624,31.986,31.948,5.726,4.491,24.024,20.554
2025-11-11T13:44:29.416+01:00,0.061441,0.056539,-0.041420,-0.097102,-0.125085,0.043132,-12.720740,11.803092,20.444992,-31.933215,5.652685,-23.951722,12.723,9.949,11.806,9.337,20.452,18.582,31.933,31.988,5.652,4.432,23.957,20.53
2025-11-11T13:44:30.959+01:00,0.060952,0.043831,-0.027936,-0.058082,-0.016068,-0.003494,-12.707239,11.793801,20.433256,-31.924887,5.641813,-23.941333,12.723,9.949,11.806,9.337,20.452,18.582,31.933,31.988,5.652,4.432,23.957,20.53
2025-11-11T13:44:32.400+01:00,0.056562,0.041665,-0.006549,-0.049065,0.035746,-0.035596,-12.706639,11.797199,20.435431,-31.928865,5.645311,-23.944420,12.709,9.941,11.8,9.338,20.443,18.595,31.929,32.067,5.645,4.427,23.951,20.554
2025-11-11T13:44:33.165+01:00,0.049250,0.041132,0.009161,-0.065452,0.033797,-0.066476,-12.715411,11.809619,20.447497,-31.942377,5.657756,-23.957153,12.709,9.941,11.8,9.338,20.443,18.595,31.929,32.067,5.645,4.427,23.951,20.554
2025-11-11T13:44:34.737+01:00,0.039400,0.036906,0.021729,-0.074762,0.033637,-0.088581,-12.731906,11.829194,20.467482,-31.963407,5.677426,-23.977579,12.734,9.965,11.832,9.366,20.475,18.641,31.962,32.166,5.677,4.452,23.982,20.605
2025-11-11T13:44:35.490+01:00,0.023720,0.029524,0.026583,-0.050609,0.071510,-0.106265,-12.756064,11.855465,20.494590,-31.990424,5.705212,-24.005357,12.734,9.965,11.832,9.366,20.475,18.641,31.962,32.166,5.677,4.452,23.982,20.605
2025-11-11T13:44:37.032+01:00,0.012376,0.022220,0.027866,-0.019488,0.109608,-0.116412,-12.784466,11.885227,20.525416,-32.020013,5.737930,-24.037125,12.787,10.008,11.888,9.412,20.533,18.711,32.02,32.289,5.738,4.5,24.042,20.68
2025-11-11T13:44:37.834+01:00,0.002101,0.019176,0.030093,0.027810,0.157286,-0.123330,-12.816281,11.917801,20.559259,-32.050871,5.775151,-24.072066,12.787,10.008,11.888,9.412,20.533,18.711,32.02,32.289,5.738,4.5,24.042,20.68
2025-11-11T13:44:39.366+01:00,-0.006120,0.015341,0.031874,0.086648,0.204629,-0.128864,-12.848993,11.950749,20.593668,-32.080218,5.814449,-24.107750,12.851,10.063,11.953,9.468,20.601,18.79,32.08,32.414,5.814,4.561,24.114,20.766
2025-11-11T13:44:40.145+01:00,-0.007496,0.007072,0.030700,0.077118,0.201703,-0.128091,-12.881988,11.983725,20.628241,-32.110058,5.853830,-24.143615,12.851,10.063,11.953,9.468,20.601,18.79,32.08,32.414,5.814,4.561,24.114,20.766
2025-11-11T13:44:41.697+01:00,-0.007396,0.001658,0.029760,0.066895,0.178363,-0.127473,-12.912775,12.014374,20.660562,-32.138070,5.890245,-24.177218,12.915,10.115,12.017,9.521,20.668,18.867,32.138,32.54,5.89,4.621,24.182,20.849
2025-11-11T13:44:42.459+01:00,-0.009917,-0.001274,0.027808,0.032516,0.150490,-0.120378,-12.944129,12.045396,20.693213,-32.167639,5.926133,-24.211013,12.915,10.115,12.017,9.521,20.668,18.867,32.138,32.54,5.89,4.621,24.182,20.849
2025-11-11T13:44:44.006+01:00,-0.014534,-0.001019,0.020846,0.015413,0.111192,-0.117303,-12.972554,12.073223,20.722275,-32.194647,5.957553,-24.241471,12.975,10.166,12.076,9.572,20.73,18.941,32.194,32.662,5.957,4.674,24.246,20.929
2025-11-11T13:44:44.776+01:00,-0.018227,-0.002215,0.012677,-0.015270,0.067954,-0.108242,-12.998331,12.098149,20.748002,-32.219847,5.984677,-24.268762,12.975,10.166,12.076,9.572,20.73,18.941,32.194,32.662,5.957,4.674,24.246,20.929
2025-11-11T13:44:46.302+01:00,-0.018582,-0.001772,0.012742,-0.026616,0.037363,-0.098394,-13.021309,12.120265,20.770898,-32.242659,6.007993,-24.292965,13.024,10.208,12.123,9.611,20.778,19.003,32.243,32.777,6.009,4.713,24.298,20.998
2025-11-11T13:44:47.068+01:00,-0.013465,-0.005418,0.003593,-0.038293,0.028490,-0.094515,-13.041046,12.139284,20.790300,-32.262869,6.027994,-24.314057,13.024,10.208,12.123,9.611,20.778,19.003,32.243,32.777,6.009,4.713,24.298,20.998
2025-11-11T13:44:48.575+01:00,-0.013372,-0.006934,0.001475,-0.026634,0.027992,-0.090012,-13.058374,12.155848,20.807165,-32.280304,6.045590,-24.332661,13.06,10.24,12.158,9.641,20.815,19.053,32.28,32.879,6.045,4.743,24.338,21.056
2025-11-11T13:44:49.339+01:00,-0.004098,-0.009547,-0.008020,-0.038307,0.020994,-0.082610,-13.071242,12.168342,20.819522,-32.294144,6.058931,-24.347088,13.06,10.24,12.158,9.641,20.815,19.053,32.28,32.879,6.045,4.743,24.338,21.056
2025-11-11T13:44:50.884+01:00,-0.004678,-0.009038,-0.006416,-0.022846,0.011595,-0.071288,-13.080656,12.177366,20.828469,-32.304048,6.068531,-24.357813,13.083,10.262,12.18,9.662,20.835,19.089,32.304,32.967,6.068,4.762,24.363,21.103
2025-11-11T13:44:51.655+01:00,-0.001143,-0.007230,-0.010333,-0.044477,-0.018324,-0.061030,-13.086840,12.183373,20.834133,-32.311666,6.074083,-24.365193,13.083,10.262,12.18,9.662,20.835,19.089,32.304,32.967,6.068,4.762,24.363,21.103
